captured_at,brand,name,buyma_url,buyma_price,buyma_list_price,buyma_discount_pct,buyma_sale_until
2025-09-10T13:32:33.012460,GUCCI,GUCCI (グッチ) 指輪・リング メンズ,https://www.buyma.com/item/113145560/,14900,29700,49,2025-11-01T23:59:59+09:00
2025-09-10T13:32:36.838486,GUCCI,GUCCI (グッチ) アナログ時計 メンズ,https://www.buyma.com/item/120775111/,42900,310000,86,2025-10-28T23:59:59+09:00
2025-09-10T13:32:41.779095,GUCCI,GUCCI (グッチ) サングラス メンズ,https://www.buyma.com/item/92055271/,28700,48400,40,2025-11-25T23:59:59+09:00
2025-09-10T13:32:56.587521,GUCCI,GUCCI (グッチ) ブレスレット レディース,https://www.buyma.com/item/99146227/,39800,57200,30,2025-10-16T23:59:59+09:00
2025-09-10T13:32:59.729106,GUCCI,GUCCI (グッチ) ネックレス・チョーカー メンズ,https://www.buyma.com/item/64898661/,32800,51700,36,2025-10-15T23:59:59+09:00
2025-09-10T15:22:11.312851,GUCCI,GUCCI (グッチ) 指輪・リング メンズ,https://www.buyma.com/item/113145560/,14900,29700,49,2025-11-01T23:59:59+09:00
2025-09-10T15:22:15.857581,GUCCI,GUCCI (グッチ) アナログ時計 メンズ,https://www.buyma.com/item/120775111/,48900,310000,84,2025-10-28T23:59:59+09:00
2025-09-10T15:22:19.007435,GUCCI,GUCCI (グッチ) サングラス メンズ,https://www.buyma.com/item/92055271/,28700,48400,40,2025-11-25T23:59:59+09:00
2025-09-10T15:22:21.299390,GUCCI,GUCCI (グッチ) ブレスレット レディース,https://www.buyma.com/item/99146227/,39800,57200,30,2025-10-16T23:59:59+09:00
2025-09-10T15:22:24.203527,GUCCI,GUCCI (グッチ) ネックレス・チョーカー メンズ,https://www.buyma.com/item/64898661/,32800,51700,36,2025-10-15T23:59:59+09:00
2025-09-10T15:22:27.707534,GUCCI,GUCCI Jumbo GG (グッチ ジャンボGG) ショルダーバッグ メンズ,https://www.buyma.com/item/118907448/,125990,181500,30,2025-12-08T23:59:59+09:00
2025-09-10T15:22:30.559153,GUCCI,GUCCI GG Supreme (グッチ GG スプリーム) ショルダーバッグ メンズ,https://www.buyma.com/item/107805910/,134800,209000,35,2025-11-16T23:59:59+09:00
2025-09-10T15:22:33.648415,GUCCI,GUCCI (グッチ) ショートブーツ・ブーティ レディース,https://www.buyma.com/item/116819602/,56000,138600,59,2025-10-31T23:59:59+09:00
2025-09-10T15:22:36.990732,GUCCI,GUCCI (グッチ) ニット・セーター レディース,https://www.buyma.com/item/121586552/,39600,83500,52,2025-11-07T23:59:59+09:00
2025-09-10T15:22:39.465832,GUCCI,GUCCI (グッチ) 指輪・リング メンズ,https://www.buyma.com/item/113145835/,24900,29700,16,2025-11-01T23:59:59+09:00
2025-09-10T15:22:42.390797,GUCCI,GUCCI (グッチ) 折りたたみ財布 レディース,https://www.buyma.com/item/109476658/,69500,82500,15,2025-09-16T23:59:59+09:00
2025-09-10T15:22:45.949141,GUCCI,GUCCI (グッチ) サングラス レディース,https://www.buyma.com/item/113324807/,22300,31900,30,2025-10-23T23:59:59+09:00
2025-09-10T15:22:49.199298,GUCCI,GUCCI (グッチ) ショルダーバッグ・ポシェット レディース,https://www.buyma.com/item/120073393/,193300,217800,11,2025-12-04T23:59:59+09:00
2025-09-10T15:22:51.507412,GUCCI,GUCCI (グッチ) メガネ メンズ,https://www.buyma.com/item/118006337/,16980,39600,57,2025-09-25T23:59:59+09:00
2025-09-10T15:22:54.324189,GUCCI,GUCCI (グッチ) サングラス メンズ,https://www.buyma.com/item/95273653/,22330,31900,30,2025-11-14T23:59:59+09:00
2025-09-10T15:22:57.982525,GUCCI,GUCCI (グッチ) キーケース レディース,https://www.buyma.com/item/101404725/,22500,150,70,2025-09-27T23:59:59+09:00
2025-09-10T15:23:01.274160,GUCCI,GUCCI (グッチ) 折りたたみ財布 レディース,https://www.buyma.com/item/70670902/,56100,,,2025-11-25T23:59:59+09:00
2025-09-10T15:23:04.115586,GUCCI,GUCCI (グッチ) iPhone・スマホケース レディース 2025　Cruise,https://www.buyma.com/item/116934281/,18180,76800,76,2025-09-16T23:59:59+09:00
2025-09-10T15:23:07.276546,GUCCI,GUCCI Jumbo GG (グッチ ジャンボGG) ショルダーバッグ メンズ,https://www.buyma.com/item/119863624/,219990,280500,21,2025-10-13T23:59:59+09:00
2025-09-10T15:23:10.498596,GUCCI,GUCCI (グッチ) サングラス メンズ,https://www.buyma.com/item/104505960/,19980,34100,41,2025-11-02T23:59:59+09:00
2025-09-10T15:23:13.399324,GUCCI,GUCCI (グッチ) 折りたたみ財布 メンズ,https://www.buyma.com/item/113080590/,57000,94500,39,2025-10-31T23:59:59+09:00
2025-09-10T15:23:16.390826,GUCCI,GUCCI (グッチ) サングラス レディース,https://www.buyma.com/item/117392132/,15800,31900,50,2025-10-31T23:59:59+09:00
2025-09-10T15:23:19.357356,GUCCI,GUCCI (グッチ) 折りたたみ財布 レディース,https://www.buyma.com/item/119002666/,58500,68200,14,2025-10-04T23:59:59+09:00
2025-09-10T15:23:21.884915,GUCCI,GUCCI (グッチ) 折りたたみ財布 レディース,https://www.buyma.com/item/117716980/,79990,91300,12,2025-12-08T23:59:59+09:00
2025-09-10T15:23:24.340944,GUCCI,GUCCI GG Marmont (グッチ GGマーモント) 折りたたみ財布 レディース,https://www.buyma.com/item/119132601/,56800,82500,31,2025-10-31T23:59:59+09:00
2025-09-10T15:23:27.732399,GUCCI,GUCCI (グッチ) ブレスレット メンズ,https://www.buyma.com/item/99485113/,50800,68200,25,2025-11-01T23:59:59+09:00
2025-09-10T15:23:30.265763,GUCCI,GUCCI (グッチ) 折りたたみ財布 レディース,https://www.buyma.com/item/121586642/,47200,91800,48,2025-11-07T23:59:59+09:00
2025-09-10T15:23:33.503911,GUCCI,GUCCI (グッチ) 折りたたみ財布 レディース,https://www.buyma.com/item/121198272/,65800,89100,26,2025-10-31T23:59:59+09:00
2025-09-10T15:23:36.615732,GUCCI,GUCCI (グッチ) ネックレス・チョーカー メンズ,https://www.buyma.com/item/104570814/,29800,30722,3,2025-11-18T23:59:59+09:00
2025-09-10T15:23:39.598957,GUCCI,GUCCI (グッチ) ショルダーバッグ・ポシェット レディース 2025 SS（春夏）,https://www.buyma.com/item/115627881/,147583,219479,32,2025-12-06T23:59:59+09:00
2025-09-10T15:23:42.799044,GUCCI,GUCCI (グッチ) サングラス レディース,https://www.buyma.com/item/116737886/,29990,47300,36,2025-10-04T23:59:59+09:00
2025-09-10T15:23:46.198987,GUCCI,GUCCI Soho (グッチ ソーホー) ショルダーバッグ・ポシェット レディース,https://www.buyma.com/item/107007716/,122000,229300,46,2025-10-31T23:59:59+09:00
2025-09-10T15:23:49.115691,GUCCI,GUCCI (グッチ) 財布・小物 レディース,https://www.buyma.com/item/113668909/,69800,156400,55,2025-10-26T23:59:59+09:00
2025-09-10T15:23:52.557084,GUCCI,GUCCI Ophidia (グッチ オフィディア) ショルダーバッグ・ポシェット レディース,https://www.buyma.com/item/114964232/,99800,186000,46,2025-09-18T23:59:59+09:00
2025-09-10T15:23:55.707153,GUCCI,GUCCI (グッチ) ショルダーバッグ メンズ 2025 SS（春夏）,https://www.buyma.com/item/115705274/,119900,260100,53,2025-12-03T23:59:59+09:00
2025-09-10T15:23:58.173664,GUCCI,GUCCI (グッチ) キーケース レディース,https://www.buyma.com/item/101404762/,26500,49500,46,2025-09-27T23:59:59+09:00
2025-09-10T15:24:01.765635,GUCCI,GUCCI (グッチ) メガネ メンズ,https://www.buyma.com/item/118236005/,19800,42900,53,2025-10-02T23:59:59+09:00
2025-09-10T15:24:05.490415,GUCCI,GUCCI (グッチ) iPhone・スマホケース レディース,https://www.buyma.com/item/121408546/,14800,32000,53,2025-11-13T23:59:59+09:00
2025-09-10T15:24:07.859025,GUCCI,GUCCI (グッチ) ショルダーバッグ・ポシェット レディース,https://www.buyma.com/item/117987388/,74900,245800,69,2025-09-27T23:59:59+09:00
2025-09-10T15:24:11.198779,GUCCI,GUCCI (グッチ) キーケース・キーリング メンズ,https://www.buyma.com/item/119800779/,37700,57200,34,2025-09-30T23:59:59+09:00
2025-09-10T15:31:13.248227,GUCCI,GUCCI (グッチ) 指輪・リング メンズ,https://www.buyma.com/item/113145560/,14900,29700,49,2025-11-01T23:59:59+09:00
2025-09-10T15:31:16.395948,GUCCI,GUCCI (グッチ) アナログ時計 メンズ,https://www.buyma.com/item/120775111/,48900,310000,84,2025-10-28T23:59:59+09:00
2025-09-10T15:31:19.114457,GUCCI,GUCCI (グッチ) サングラス メンズ,https://www.buyma.com/item/92055271/,28700,48400,40,2025-11-25T23:59:59+09:00
2025-09-10T15:31:21.556128,GUCCI,GUCCI (グッチ) ブレスレット レディース,https://www.buyma.com/item/99146227/,39800,57200,30,2025-10-16T23:59:59+09:00
2025-09-10T15:31:24.168540,GUCCI,GUCCI (グッチ) ネックレス・チョーカー メンズ,https://www.buyma.com/item/64898661/,32800,51700,36,2025-10-15T23:59:59+09:00
2025-09-10T15:31:27.572677,GUCCI,GUCCI Jumbo GG (グッチ ジャンボGG) ショルダーバッグ メンズ,https://www.buyma.com/item/118907448/,125990,181500,30,2025-12-08T23:59:59+09:00
2025-09-10T15:31:30.743268,GUCCI,GUCCI GG Supreme (グッチ GG スプリーム) ショルダーバッグ メンズ,https://www.buyma.com/item/107805910/,134800,209000,35,2025-11-16T23:59:59+09:00
2025-09-10T15:31:33.672715,GUCCI,GUCCI (グッチ) ショートブーツ・ブーティ レディース,https://www.buyma.com/item/116819602/,56000,138600,59,2025-10-31T23:59:59+09:00
2025-09-10T15:31:36.406074,GUCCI,GUCCI (グッチ) ニット・セーター レディース,https://www.buyma.com/item/121586552/,39600,83500,52,2025-11-07T23:59:59+09:00
2025-09-10T15:31:38.522645,GUCCI,GUCCI (グッチ) 指輪・リング メンズ,https://www.buyma.com/item/113145835/,24900,29700,16,2025-11-01T23:59:59+09:00
2025-09-10T15:31:41.750711,GUCCI,GUCCI (グッチ) 折りたたみ財布 レディース,https://www.buyma.com/item/109476658/,69500,82500,15,2025-09-16T23:59:59+09:00
2025-09-10T15:31:44.803211,GUCCI,GUCCI (グッチ) サングラス レディース,https://www.buyma.com/item/113324807/,22300,31900,30,2025-10-23T23:59:59+09:00
2025-09-10T15:31:48.031083,GUCCI,GUCCI (グッチ) ショルダーバッグ・ポシェット レディース,https://www.buyma.com/item/120073393/,193300,217800,11,2025-12-04T23:59:59+09:00
2025-09-10T15:31:50.783816,GUCCI,GUCCI (グッチ) メガネ メンズ,https://www.buyma.com/item/118006337/,16980,39600,57,2025-09-25T23:59:59+09:00
2025-09-10T15:31:53.897232,GUCCI,GUCCI (グッチ) サングラス メンズ,https://www.buyma.com/item/95273653/,22330,31900,30,2025-11-14T23:59:59+09:00
2025-09-10T15:31:57.014325,GUCCI,GUCCI (グッチ) キーケース レディース,https://www.buyma.com/item/101404725/,22500,150,70,2025-09-27T23:59:59+09:00
2025-09-10T15:32:00.455569,GUCCI,GUCCI (グッチ) 折りたたみ財布 レディース,https://www.buyma.com/item/70670902/,56100,,,2025-11-25T23:59:59+09:00
2025-09-10T15:32:02.980903,GUCCI,GUCCI (グッチ) iPhone・スマホケース レディース 2025　Cruise,https://www.buyma.com/item/116934281/,18180,76800,76,2025-09-16T23:59:59+09:00
2025-09-10T15:32:06.372608,GUCCI,GUCCI Jumbo GG (グッチ ジャンボGG) ショルダーバッグ メンズ,https://www.buyma.com/item/119863624/,219990,280500,21,2025-10-13T23:59:59+09:00
2025-09-10T15:32:08.672513,GUCCI,GUCCI (グッチ) サングラス メンズ,https://www.buyma.com/item/104505960/,19980,34100,41,2025-11-02T23:59:59+09:00
2025-09-10T15:32:11.955952,GUCCI,GUCCI (グッチ) 折りたたみ財布 メンズ,https://www.buyma.com/item/113080590/,57000,94500,39,2025-10-31T23:59:59+09:00
2025-09-10T15:32:15.355964,GUCCI,GUCCI (グッチ) サングラス レディース,https://www.buyma.com/item/117392132/,15800,31900,50,2025-10-31T23:59:59+09:00
2025-09-10T15:32:18.430954,GUCCI,GUCCI (グッチ) 折りたたみ財布 レディース,https://www.buyma.com/item/119002666/,58500,68200,14,2025-10-04T23:59:59+09:00
2025-09-10T15:32:21.230600,GUCCI,GUCCI (グッチ) 折りたたみ財布 レディース,https://www.buyma.com/item/117716980/,79990,91300,12,2025-12-08T23:59:59+09:00
2025-09-10T15:32:23.356110,GUCCI,GUCCI GG Marmont (グッチ GGマーモント) 折りたたみ財布 レディース,https://www.buyma.com/item/119132601/,56800,82500,31,2025-10-31T23:59:59+09:00
2025-09-10T15:32:25.655870,GUCCI,GUCCI (グッチ) ブレスレット メンズ,https://www.buyma.com/item/99485113/,50800,68200,25,2025-11-01T23:59:59+09:00
2025-09-10T15:32:28.220707,GUCCI,GUCCI (グッチ) 折りたたみ財布 レディース,https://www.buyma.com/item/121586642/,47200,91800,48,2025-11-07T23:59:59+09:00
2025-09-10T15:32:31.685855,GUCCI,GUCCI (グッチ) 折りたたみ財布 レディース,https://www.buyma.com/item/121198272/,65800,89100,26,2025-10-31T23:59:59+09:00
2025-09-10T15:32:34.173883,GUCCI,GUCCI (グッチ) ネックレス・チョーカー メンズ,https://www.buyma.com/item/104570814/,29800,30722,3,2025-11-18T23:59:59+09:00
2025-09-10T15:32:37.063741,GUCCI,GUCCI (グッチ) ショルダーバッグ・ポシェット レディース 2025 SS（春夏）,https://www.buyma.com/item/115627881/,147583,219479,32,2025-12-06T23:59:59+09:00
2025-09-10T15:32:39.764041,GUCCI,GUCCI (グッチ) サングラス レディース,https://www.buyma.com/item/116737886/,29990,47300,36,2025-10-04T23:59:59+09:00
2025-09-10T15:32:43.222262,GUCCI,GUCCI Soho (グッチ ソーホー) ショルダーバッグ・ポシェット レディース,https://www.buyma.com/item/107007716/,122000,229300,46,2025-10-31T23:59:59+09:00
2025-09-10T15:32:45.497520,GUCCI,GUCCI (グッチ) 財布・小物 レディース,https://www.buyma.com/item/113668909/,69800,156400,55,2025-10-26T23:59:59+09:00
2025-09-10T15:32:47.855874,GUCCI,GUCCI Ophidia (グッチ オフィディア) ショルダーバッグ・ポシェット レディース,https://www.buyma.com/item/114964232/,99800,186000,46,2025-09-18T23:59:59+09:00
2025-09-10T15:32:50.347116,GUCCI,GUCCI (グッチ) ショルダーバッグ メンズ 2025 SS（春夏）,https://www.buyma.com/item/115705274/,119900,260100,53,2025-12-03T23:59:59+09:00
2025-09-10T15:32:53.389092,GUCCI,GUCCI (グッチ) キーケース レディース,https://www.buyma.com/item/101404762/,26500,49500,46,2025-09-27T23:59:59+09:00
2025-09-10T15:32:55.597485,GUCCI,GUCCI (グッチ) メガネ メンズ,https://www.buyma.com/item/118236005/,19800,42900,53,2025-10-02T23:59:59+09:00
2025-09-10T15:32:58.280448,GUCCI,GUCCI (グッチ) iPhone・スマホケース レディース,https://www.buyma.com/item/121408546/,14800,32000,53,2025-11-13T23:59:59+09:00
2025-09-10T15:33:01.447335,GUCCI,GUCCI (グッチ) ショルダーバッグ・ポシェット レディース,https://www.buyma.com/item/117987388/,74900,245800,69,2025-09-27T23:59:59+09:00
2025-09-10T15:33:04.164322,GUCCI,GUCCI (グッチ) キーケース・キーリング メンズ,https://www.buyma.com/item/119800779/,37700,57200,34,2025-09-30T23:59:59+09:00
